"","ONTOLOGY","ID","Description","GeneRatio","BgRatio","RichFactor","FoldEnrichment","zScore","pvalue","p.adjust","qvalue","geneID","Count"
"GO:0050853","BP","GO:0050853","B cell receptor signaling pathway","19/445","78/18888",0.243589743589744,10.3391529818496,12.8382581922051,1.50469470227882e-14,6.02630228262668e-11,5.13338476851122e-11,"5788/26228/973/55024/89857/933/974/640/930/29760/3507/931/3495/3493/3494/3500/3502/64332/27086",19
"GO:0002757","BP","GO:0002757","immune response-activating signaling pathway","39/445","500/18888",0.078,3.31070561797753,8.13407340618493,6.1864584791394e-11,1.23883831044766e-07,1.05527957531004e-07,"5788/114609/26228/64581/973/55024/89857/1654/1845/4057/3304/3303/5074/933/974/1380/1399/640/930/917/29760/3507/931/5591/2358/3495/91543/3493/3494/3500/3502/64332/27086/2355/2359/57724/83737/5094/4671",39
"GO:0002768","BP","GO:0002768","immune response-regulating cell surface receptor signaling pathway","32/445","360/18888",0.0888888888888889,3.77288389513109,8.25114800359384,1.31103379291188e-10,1.49210257677208e-07,1.27101766247935e-07,"5788/114609/26228/64581/973/55024/89857/1845/4057/5074/933/974/1380/1399/640/930/2208/917/29760/100133941/3507/931/2358/3495/3493/3494/3500/3502/64332/27086/2355/2359",32
"GO:0050851","BP","GO:0050851","antigen receptor-mediated signaling pathway","24/445","208/18888",0.115384615384615,4.89749351771824,8.77959223255922,1.49023977705077e-10,1.49210257677208e-07,1.27101766247935e-07,"5788/26228/973/55024/89857/1845/5074/933/974/1399/640/930/917/29760/3507/931/3495/3493/3494/3500/3502/64332/27086/2355",24
"GO:0002429","BP","GO:0002429","immune response-activating cell surface receptor signaling pathway","30/445","332/18888",0.0903614457831325,3.83538648977934,8.09626730129567,3.39368624736745e-10,2.71834268414133e-07,2.31556571109851e-07,"5788/114609/26228/64581/973/55024/89857/1845/4057/5074/933/974/1380/1399/640/930/917/29760/3507/931/2358/3495/3493/3494/3500/3502/64332/27086/2355/2359",30
"GO:0002460","BP","GO:0002460","adaptive immune response based on somatic recombination of immune receptors built from immunoglobulin superfamily domains","32/445","385/18888",0.0831168831168831,3.52789143440829,7.78418988070904,7.18964792099099e-10,4.79908998726148e-07,4.08800858104067e-07,"5788/5551/118460/64581/89857/710/3383/3566/1380/6868/1178/930/2208/3507/5321/23075/6095/3495/91543/3493/3494/3500/3502/28396/28442/913/51571/64332/567/301/55183/3716",32
"GO:0002443","BP","GO:0002443","leukocyte mediated immunity","35/445","469/18888",0.0746268656716418,3.16753312091229,7.38354374644461,1.99367456776689e-09,1.1406666634152e-06,9.71654026185338e-07,"5788/5551/118460/26228/64581/710/3916/3383/3566/1380/6868/1178/930/2208/306/3507/2624/5272/23075/1130/5730/3495/91543/3493/3494/3500/3502/28396/28442/913/51571/64332/867/567/55183",35
"GO:0042113","BP","GO:0042113","B cell activation","25/445","278/18888",0.0899280575539568,3.81699135073963,7.34988319768,1.143818833695e-08,5.3409072385338e-06,4.54954474277891e-06,"5788/114609/118460/973/55024/64092/5074/933/974/1380/6868/930/3574/29760/931/23075/5591/7157/677/5079/64332/2355/115350/55183/115650",25
"GO:0030098","BP","GO:0030098","lymphocyte differentiation","32/445","432/18888",0.0740740740740741,3.14406991260924,7.0025744951116,1.20020387382782e-08,5.3409072385338e-06,4.54954474277891e-06,"5788/973/1958/3566/974/1386/1380/6868/930/3574/865/917/29760/8943/931/6095/5591/7157/677/4297/6935/91543/5079/29117/64332/27086/55636/2355/567/301/3716/60",32
"GO:0030218","BP","GO:0030218","erythrocyte differentiation","17/445","135/18888",0.125925925925926,5.3449188514357,7.86971291403581,1.97568634791106e-08,7.65045399621992e-06,6.51688584052796e-06,"3304/3303/2039/6521/2624/5591/2038/212/677/23376/25893/51327/51621/29766/80739/94081/567",17
"GO:0015671","BP","GO:0015671","oxygen transport","7/445","15/18888",0.466666666666667,19.8076404494382,11.3189250914613,2.10124828859973e-08,7.65045399621992e-06,6.51688584052796e-06,"3039/3040/3048/3047/3045/3043/3042",7
"GO:0002262","BP","GO:0002262","myeloid cell homeostasis","19/445","177/18888",0.107344632768362,4.55623690725576,7.38370829972956,4.08292997122669e-08,1.36267787789691e-05,1.16076982778471e-05,"3304/3303/2039/6521/6868/2624/5591/2038/212/677/23376/25893/51327/51621/29766/80739/94081/567/301",19
"GO:0006959","BP","GO:0006959","humoral immune response","23/445","258/18888",0.0891472868217054,3.78385158087275,6.99351024617284,5.2139545878278e-08,1.41001409977193e-05,1.20109223926955e-05,"5788/4069/710/4057/3576/1667/1668/728358/1380/3848/3574/2208/1669/29760/3507/820/931/3493/3494/3500/3502/6480/6374",23
"GO:0034101","BP","GO:0034101","erythrocyte homeostasis","17/445","144/18888",0.118055555555556,5.01086142322097,7.50470245294938,5.21892494355109e-08,1.41001409977193e-05,1.20109223926955e-05,"3304/3303/2039/6521/2624/5591/2038/212/677/23376/25893/51327/51621/29766/80739/94081/567",17
"GO:0048872","BP","GO:0048872","homeostasis of number of cells","26/445","322/18888",0.0807453416149068,3.42723148858957,6.8237903115036,5.28095168453905e-08,1.41001409977193e-05,1.20109223926955e-05,"3304/3303/2039/6521/6868/3574/2624/5591/2038/212/677/4297/23376/3845/25893/51327/51621/29766/80739/64332/57678/2355/94081/567/301/171023",26
"GO:0002449","BP","GO:0002449","lymphocyte mediated immunity","28/445","372/18888",0.0752688172043011,3.19478071765132,6.64101914793357,7.18319364320053e-08,1.79804315881363e-05,1.53162701300085e-05,"5788/5551/118460/710/3916/3383/3566/1380/1178/930/2208/3507/5272/23075/1130/3495/91543/3493/3494/3500/3502/28396/28442/913/51571/64332/567/55183",28
"GO:0030217","BP","GO:0030217","T cell differentiation","25/445","310/18888",0.0806451612903226,3.4229793403407,6.6815433626433,9.79455680574483e-08,2.30748235335341e-05,1.96558257631077e-05,"5788/1958/3566/1386/6868/3574/865/917/8943/6095/5591/7157/677/4297/6935/91543/29117/64332/27086/55636/2355/567/301/3716/60",25
"GO:1903131","BP","GO:1903131","mononuclear cell differentiation","32/445","484/18888",0.0661157024793388,2.80627727737023,6.25311908731762,1.67946185390886e-07,3.73680262494721e-05,3.18312039094655e-05,"5788/973/1958/3566/974/1386/1380/6868/930/3574/865/917/29760/8943/931/6095/5591/7157/677/4297/6935/91543/5079/29117/64332/27086/55636/2355/567/301/3716/60",32
"GO:0042744","BP","GO:0042744","hydrogen peroxide catabolic process","8/445","31/18888",0.258064516129032,10.9535338890902,8.61524353084904,4.36935250378745e-07,8.76001733399374e-05,7.46204512240586e-05,"3039/3040/3048/6622/3047/3045/3043/3042",8
"GO:0001906","BP","GO:0001906","cell killing","20/445","226/18888",0.0884955752212389,3.75618971860396,6.47485352042394,4.37454049138264e-07,8.76001733399374e-05,7.46204512240586e-05,"5788/5551/26228/64581/4069/3916/4057/3383/1667/1668/728358/2208/1669/5272/820/1130/3500/913/51571/567",20
"GO:0015669","BP","GO:0015669","gas transport","7/445","22/18888",0.318181818181818,13.5052093973442,9.11607954710409,4.82639107196607e-07,9.20461725867815e-05,7.84076865375541e-05,"3039/3040/3048/3047/3045/3043/3042",7
"GO:0019731","BP","GO:0019731","antibacterial humoral response","11/445","69/18888",0.159420289855072,6.76658524670249,7.45402256788229,5.85101920084565e-07,0.000106515144997213,9.07327905738791e-05,"4057/1667/1668/728358/1669/3507/820/3493/3494/3500/3502",11
"GO:0015670","BP","GO:0015670","carbon dioxide transport","6/445","15/18888",0.4,16.9779775280899,9.61596066448106,6.91091242824998e-07,0.00012034001858757,0.000102509231944889,"3039/3040/3048/3047/3045/3043",6
"GO:0016064","BP","GO:0016064","immunoglobulin mediated immune response","18/445","208/18888",0.0865384615384615,3.67312013828868,6.02153786686902,2.2729462692684e-06,0.000379297908684164,0.000323097318363986,"5788/118460/710/3566/1380/930/2208/3507/23075/3495/3493/3494/3500/3502/28396/28442/64332/55183",18
"GO:0019730","BP","GO:0019730","antimicrobial humoral response","14/445","132/18888",0.106060606060606,4.50173646578141,6.27113319281172,2.88431637401012e-06,0.000459252646173599,0.000391205158354329,"4069/4057/3576/1667/1668/728358/1669/3507/820/3493/3494/3500/3502/6374",14
"GO:0019724","BP","GO:0019724","B cell mediated immunity","18/445","212/18888",0.0849056603773585,3.60381598473606,5.92218539801808,2.98141543083984e-06,0.000459252646173599,0.000391205158354329,"5788/118460/710/3566/1380/930/2208/3507/23075/3495/3493/3494/3500/3502/28396/28442/64332/55183",18
"GO:0030183","BP","GO:0030183","B cell differentiation","15/445","155/18888",0.0967741935483871,4.10757520840884,6.034336757373,4.05139088010951e-06,0.000600956313882911,0.000511912586449705,"5788/973/974/1380/6868/930/3574/29760/931/5591/7157/677/5079/64332/2355",15
"GO:0002274","BP","GO:0002274","myeloid leukocyte activation","19/445","241/18888",0.0788381742738589,3.34628187794303,5.69416351954524,4.74107084094186e-06,0.000678142454213291,0.000577662052462127,"5788/26228/8754/3576/3566/6622/2208/306/4345/2624/5321/820/6095/3459/5730/27086/867/4317/301",19
"GO:0042743","BP","GO:0042743","hydrogen peroxide metabolic process","9/445","55/18888",0.163636363636364,6.94553626149132,6.85896104407154,5.01725376488542e-06,0.000692900045805728,0.000590233010961657,"1536/3039/3040/3048/6622/3047/3045/3043/3042",9
"GO:0002455","BP","GO:0002455","humoral immune response mediated by circulating immunoglobulin","9/445","56/18888",0.160714285714286,6.8215088282504,6.77683737114905,5.85480127753395e-06,0.000774016850017328,0.000659330734189148,"5788/710/1380/2208/3507/3493/3494/3500/3502",9
"GO:0042100","BP","GO:0042100","B cell proliferation","12/445","104/18888",0.115384615384615,4.89749351771824,6.19089935724788,6.14911368751042e-06,0.000774016850017328,0.000659330734189148,"5788/114609/973/5074/933/1380/930/3574/931/64332/2355/115650",12
"GO:0032943","BP","GO:0032943","mononuclear cell proliferation","22/445","315/18888",0.0698412698412698,2.96440877474585,5.46124707922437,6.18440429477016e-06,0.000774016850017328,0.000659330734189148,"5788/114609/54890/973/5573/5074/933/1380/1178/930/598/3574/100133941/931/7157/6480/64332/57678/2355/301/83737/115650",22
"GO:0001819","BP","GO:0001819","positive regulation of cytokine production","29/445","500/18888",0.058,2.46180674157303,5.14580622001443,8.54596782583726e-06,0.00103716973159025,0.000883492239985281,"5788/114609/64581/353514/1654/1958/3304/3303/3566/1536/1386/6868/3574/1116/4345/6095/9590/3459/3495/91543/51571/27086/26137/5008/6653/4317/567/301/4671",29
"GO:0008380","BP","GO:0008380","RNA splicing","28/445","484/18888",0.0578512396694215,2.45549261769895,5.03874393107238,1.2818171787207e-05,0.00147974124268099,0.00126048790788595,"10659/9444/10432/58517/11171/51639/3303/10658/23524/4841/10521/51747/9360/9169/7536/7919/3187/4154/9410/55285/23435/3178/9967/10189/9584/91746/96764/57396",28
"GO:0050867","BP","GO:0050867","positive regulation of cell activation","24/445","380/18888",0.0631578947368421,2.68073329390893,5.14110612170044,1.29315714091971e-05,0.00147974124268099,0.00126048790788595,"5788/114609/118460/26228/64581/353514/3566/3112/3574/865/100133941/8943/5321/5591/51571/29117/64332/57678/4317/567/301/55183/115650/60",24
"GO:0051168","BP","GO:0051168","nuclear export","15/445","171/18888",0.087719298245614,3.72324068598462,5.55663249687109,1.34286428221395e-05,0.00149393651396302,0.00127257986510392,"54890/10204/1959/5494/7919/23325/811/3178/55437/283131/10189/91746/6672/23049/6815",15
"GO:0002696","BP","GO:0002696","positive regulation of leukocyte activation","23/445","362/18888",0.0635359116022099,2.69677819852257,5.06330680030933,1.77931027225136e-05,0.00192598314604505,0.00164061012585111,"5788/114609/118460/26228/64581/3566/3112/3574/865/100133941/8943/5321/5591/51571/29117/64332/57678/4317/567/301/55183/115650/60",23
"GO:0019058","BP","GO:0019058","viral life cycle","21/445","319/18888",0.0658307210031348,2.79418125462294,5.02010858278645,2.43867768859067e-05,0.00257023793231727,0.00218940564784553,"1654/7153/3916/4057/3304/3303/3383/3576/3434/3690/1380/5586/91543/2934/25893/6614/54737/64710/89849/83737/5094",21
"GO:0046631","BP","GO:0046631","alpha-beta T cell activation","15/445","181/18888",0.0828729281767956,3.51753678068161,5.28638453809617,2.6360237491238e-05,0.00270699361929252,0.00230589823776255,"5788/3566/1386/865/917/8943/6095/4297/91543/64332/27086/2355/301/83737/3716",15
"GO:0016032","BP","GO:0016032","viral process","25/445","428/18888",0.058411214953271,2.47926073716266,4.80835450058802,3.18474980214309e-05,0.0030653781735532,0.00261118093448608,"2589/1654/7153/3916/4057/3304/3303/3383/3576/3434/3690/1380/5586/7157/91543/2934/6480/25893/6614/23435/54737/64710/89849/83737/5094",25
"GO:0002227","BP","GO:0002227","innate immune response in mucosa","6/445","27/18888",0.222222222222222,9.43220973782771,6.8106198126054,3.21462879623557e-05,0.0030653781735532,0.00261118093448608,"4057/1667/1668/728358/1669/820",6
"GO:0019755","BP","GO:0019755","one-carbon compound transport","6/445","27/18888",0.222222222222222,9.43220973782771,6.8106198126054,3.21462879623557e-05,0.0030653781735532,0.00261118093448608,"3039/3040/3048/3047/3045/3043",6
"GO:0002819","BP","GO:0002819","regulation of adaptive immune response","16/445","207/18888",0.0772946859903382,3.28076860446181,5.12521455906013,3.37626760166414e-05,0.00314463994061974,0.00267869848151615,"5788/118460/64581/64092/3566/1380/1178/2208/5321/91543/913/51571/64332/567/301/55183",16
"GO:0070661","BP","GO:0070661","leukocyte proliferation","22/445","352/18888",0.0625,2.65280898876405,4.86218747170542,3.46553527122836e-05,0.00315442471847036,0.00268703344833759,"5788/114609/54890/973/5573/5074/933/1380/1178/930/598/3574/100133941/931/7157/6480/64332/57678/2355/301/83737/115650",22
"GO:0042742","BP","GO:0042742","defense response to bacterium","21/445","330/18888",0.0636363636363636,2.70104187946885,4.84230458327692,4.00954302379536e-05,0.00349707580067725,0.00297891390235757,"114609/4069/4057/1667/1668/728358/6868/1669/306/3507/820/2358/1130/3493/3494/3500/3502/64332/27086/57674/4671",21
"GO:0046632","BP","GO:0046632","alpha-beta T cell differentiation","12/445","125/18888",0.096,4.07471460674157,5.35740391552985,4.01661640027849e-05,0.00349707580067725,0.00297891390235757,"3566/1386/865/8943/6095/4297/91543/64332/27086/2355/301/3716",12
"GO:0006913","BP","GO:0006913","nucleocytoplasmic transport","21/445","333/18888",0.0630630630630631,2.676708168843,4.79506865972913,4.57183491433288e-05,0.00375978613179035,0.00320269843041791,"54890/4659/10204/11142/1959/1386/5494/7157/7919/23325/811/23435/3178/55437/9818/283131/10189/91746/6672/23049/6815",21
"GO:0051169","BP","GO:0051169","nuclear transport","21/445","333/18888",0.0630630630630631,2.676708168843,4.79506865972913,4.57183491433288e-05,0.00375978613179035,0.00320269843041791,"54890/4659/10204/11142/1959/1386/5494/7157/7919/23325/811/23435/3178/55437/9818/283131/10189/91746/6672/23049/6815",21
"GO:0046651","BP","GO:0046651","lymphocyte proliferation","20/445","308/18888",0.0649350649350649,2.75616518313148,4.82684750949248,4.59998802641017e-05,0.00375978613179035,0.00320269843041791,"5788/114609/54890/973/5573/5074/933/1380/1178/930/3574/100133941/931/7157/64332/57678/2355/301/83737/115650",20
"GO:0030099","BP","GO:0030099","myeloid cell differentiation","25/445","439/18888",0.0569476082004556,2.41713803076451,4.6666336710062,4.81959943180849e-05,0.00376878612241671,0.00321036489197781,"114609/9444/54790/4057/3304/3303/2039/6521/865/2624/5591/2038/212/677/23376/25893/7994/51327/51621/29766/80739/27086/2355/94081/567",25
"GO:0031640","BP","GO:0031640","killing of cells of another organism","10/445","90/18888",0.111111111111111,4.71610486891386,5.48907425604335,5.06678440030868e-05,0.00376878612241671,0.00321036489197781,"5551/64581/4069/4057/1667/1668/728358/2208/1669/820",10
"GO:0141061","BP","GO:0141061","disruption of cell in another organism","10/445","90/18888",0.111111111111111,4.71610486891386,5.48907425604335,5.06678440030868e-05,0.00376878612241671,0.00321036489197781,"5551/64581/4069/4057/1667/1668/728358/2208/1669/820",10
"GO:0006958","BP","GO:0006958","complement activation, classical pathway","7/445","42/18888",0.166666666666667,7.07415730337079,6.12134418181054,5.08150937853939e-05,0.00376878612241671,0.00321036489197781,"710/1380/3507/3493/3494/3500/3502",7
"GO:1990000","BP","GO:1990000","amyloid fibril formation","7/445","42/18888",0.166666666666667,7.07415730337079,6.12134418181054,5.08150937853939e-05,0.00376878612241671,0.00321036489197781,"6622/820/2934/23435/3178/567/6477",7
"GO:0002822","BP","GO:0002822","regulation of adaptive immune response based on somatic recombination of immune receptors built from immunoglobulin superfamily domains","15/445","192/18888",0.078125,3.31601123595506,5.0102874071191,5.22878078641581e-05,0.00380750309992642,0.00324334517297103,"5788/118460/64581/3566/1380/1178/2208/5321/91543/913/51571/64332/567/301/55183",15
"GO:0000377","BP","GO:0000377","RNA splicing, via transesterification reactions with bulged adenosine as nucleophile","21/445","337/18888",0.0623145400593472,2.64493715200213,4.73288889834225,5.430841398165e-05,0.00381588066660541,0.00325048143517134,"10659/9444/10432/58517/11171/51639/10658/23524/10521/51747/9169/7536/7919/3187/9410/55285/3178/9967/9584/91746/96764",21
"GO:0000398","BP","GO:0000398","mRNA splicing, via spliceosome","21/445","337/18888",0.0623145400593472,2.64493715200213,4.73288889834225,5.430841398165e-05,0.00381588066660541,0.00325048143517134,"10659/9444/10432/58517/11171/51639/10658/23524/10521/51747/9169/7536/7919/3187/9410/55285/3178/9967/9584/91746/96764",21
"GO:0048545","BP","GO:0048545","response to steroid hormone","21/445","338/18888",0.0621301775147929,2.63711189415597,4.7174843652214,5.66692428082633e-05,0.00384435031904356,0.00327473273776731,"5788/8754/374/6294/3304/3303/1536/1667/1668/728358/10521/306/5730/677/23376/811/3557/27086/2355/301/5187",21
"GO:0031341","BP","GO:0031341","regulation of cell killing","11/445","110/18888",0.1,4.24449438202247,5.3010806824158,5.7593263206645e-05,0.00384435031904356,0.00327473273776731,"5788/5551/26228/64581/3916/3383/2208/5272/913/51571/567",11
"GO:0042116","BP","GO:0042116","macrophage activation","11/445","110/18888",0.1,4.24449438202247,5.3010806824158,5.7593263206645e-05,0.00384435031904356,0.00327473273776731,"5788/26228/3566/6622/2208/4345/5321/6095/3459/27086/4317",11
"GO:0050864","BP","GO:0050864","regulation of B cell activation","12/445","130/18888",0.0923076923076923,3.91799481417459,5.18571492605491,5.91202846764854e-05,0.00388158590375941,0.00330645112401189,"5788/114609/118460/55024/64092/5074/933/930/3574/677/55183/115650",12
"GO:0000375","BP","GO:0000375","RNA splicing, via transesterification reactions","21/445","341/18888",0.06158357771261,2.61391149626017,4.67160141399016,6.43107249363425e-05,0.00415426537693632,0.00353872766585205,"10659/9444/10432/58517/11171/51639/10658/23524/10521/51747/9169/7536/7919/3187/9410/55285/3178/9967/9584/91746/96764",21
"GO:0141060","BP","GO:0141060","disruption of anatomical structure in another organism","10/445","93/18888",0.10752688172043,4.5639724537876,5.35180597962349,6.72102032032578e-05,0.0042726486322071,0.00363957006819981,"5551/64581/4069/4057/1667/1668/728358/2208/1669/820",10
"GO:0030522","BP","GO:0030522","intracellular receptor signaling pathway","22/445","369/18888",0.0596205962059621,2.53059285649036,4.61221784569893,6.99037046356101e-05,0.00437444276665029,0.00372628136059231,"114609/1654/6294/3304/3303/4929/1667/1668/728358/1399/10521/6095/5591/23376/91543/811/27086/57724/83737/5094/171023/5187",22
"GO:0031343","BP","GO:0031343","positive regulation of cell killing","9/445","76/18888",0.118421052631579,5.02637492607924,5.46322687964786,7.26622708478356e-05,0.00447711376531664,0.00381373959219167,"5788/5551/26228/64581/3916/2208/913/51571/567",9
"GO:0018108","BP","GO:0018108","peptidyl-tyrosine phosphorylation","18/445","269/18888",0.0669144981412639,2.84018211436448,4.72176623042957,7.46189176109607e-05,0.00452801159139239,0.00385709588480261,"5788/353514/374/55024/64092/2039/3690/6868/2043/640/3574/7157/56034/867/5008/79893/3716/57396",18
"GO:0043030","BP","GO:0043030","regulation of macrophage activation","8/445","60/18888",0.133333333333333,5.65932584269663,5.61490388029102,7.79608395805282e-05,0.00461010308310545,0.00392702387603516,"5788/26228/3566/6622/4345/5321/6095/4317",8
"GO:0002703","BP","GO:0002703","regulation of leukocyte mediated immunity","17/445","246/18888",0.0691056910569106,2.93318717456838,4.74068303914362,7.92931879530333e-05,0.00461010308310545,0.00392702387603516,"5788/118460/26228/64581/3916/3383/3566/1380/1178/2208/2624/5272/91543/913/51571/567/55183",17
"GO:0050684","BP","GO:0050684","regulation of mRNA processing","12/445","134/18888",0.0895522388059701,3.80103974509475,5.05440952652141,7.94249969373972e-05,0.00461010308310545,0.00392702387603516,"10659/9444/58517/6294/10658/10521/7536/677/3178/9967/9584/91746",12
"GO:0018212","BP","GO:0018212","peptidyl-tyrosine modification","18/445","271/18888",0.0664206642066421,2.81922136075293,4.68555516433594,8.20336247526373e-05,0.00469349524477589,0.00399805981689169,"5788/353514/374/55024/64092/2039/3690/6868/2043/640/3574/7157/56034/867/5008/79893/3716/57396",18
"GO:0045646","BP","GO:0045646","regulation of erythrocyte differentiation","7/445","46/18888",0.152173913043478,6.4590131900342,5.75804788566356,9.29625738400632e-05,0.00524387476379511,0.00446688957473157,"3304/3303/2624/5591/677/51621/567",7
"GO:0002366","BP","GO:0002366","leukocyte activation involved in immune response","19/445","301/18888",0.0631229235880399,2.67924894546269,4.56183313184922,0.000103061436527964,0.00573279240686802,0.00488336426589375,"5788/118460/3916/3383/3566/930/306/2624/23075/6095/7157/5730/4297/64332/27086/867/301/55183/3716",19
"GO:0051251","BP","GO:0051251","positive regulation of lymphocyte activation","20/445","328/18888",0.0609756097560976,2.58810633050151,4.50685126127085,0.000109391901663401,0.00600156939947839,0.00511231655791037,"5788/114609/118460/64581/3566/3112/3574/865/100133941/8943/5591/51571/29117/64332/57678/567/301/55183/115650/60",20
"GO:0009615","BP","GO:0009615","response to virus","23/445","409/18888",0.0562347188264059,2.38687948133293,4.40460387650862,0.000115954408567608,0.00627564062585498,0.00534577863680819,"5788/5551/1984/1654/3434/2537/1667/1668/728358/6773/1386/598/10521/1130/3459/91543/811/10561/665/57678/83737/5094/3716",23
"GO:0097191","BP","GO:0097191","extrinsic apoptotic signaling pathway","16/445","230/18888",0.0695652173913043,2.95269174401563,4.62818570097937,0.000118333944042347,0.00631903261186132,0.00538274123005257,"5788/1654/9191/3304/3303/3383/2537/598/3574/835/6272/50486/64332/55437/8797/6672",16
"GO:0002263","BP","GO:0002263","cell activation involved in immune response","19/445","305/18888",0.0622950819672131,2.64411125437465,4.49644122530907,0.000122467806003062,0.00645373109266138,0.00549748143013747,"5788/118460/3916/3383/3566/930/306/2624/23075/6095/7157/5730/4297/64332/27086/867/301/55183/3716",19
"GO:0043484","BP","GO:0043484","regulation of RNA splicing","14/445","186/18888",0.0752688172043011,3.19478071765132,4.67249983083427,0.000137221005355694,0.00713727436947474,0.00607974406504176,"10659/9444/58517/3303/10658/10521/7536/3187/4154/3178/9967/9584/91746/57396",14
"GO:0048873","BP","GO:0048873","homeostasis of number of cells within a tissue","6/445","35/18888",0.171428571428571,7.27627608346709,5.77286684330937,0.000150292582520255,0.00752402241242027,0.00640918763089667,"3574/2624/4297/3845/64332/2355",6
"GO:1901099","BP","GO:1901099","negative regulation of signal transduction in absence of ligand","6/445","35/18888",0.171428571428571,7.27627608346709,5.77286684330937,0.000150292582520255,0.00752402241242027,0.00640918763089667,"3304/3303/2537/598/3574/55437",6
"GO:2001240","BP","GO:2001240","negative regulation of extrinsic apoptotic signaling pathway in absence of ligand","6/445","35/18888",0.171428571428571,7.27627608346709,5.77286684330937,0.000150292582520255,0.00752402241242027,0.00640918763089667,"3304/3303/2537/598/3574/55437",6
"GO:0044403","BP","GO:0044403","biological process involved in symbiotic interaction","19/445","311/18888",0.0610932475884244,2.59309946168576,4.4002870400728,0.000157619684315716,0.00777747636167774,0.00662508729566924,"3916/4057/3304/3303/3383/3576/3434/3690/1667/728358/1380/820/2934/25893/6614/23435/867/64710/83737",19
"GO:0002285","BP","GO:0002285","lymphocyte activation involved in immune response","15/445","212/18888",0.0707547169811321,3.00317998728005,4.55608358648067,0.000159239216393901,0.00777747636167774,0.00662508729566924,"5788/118460/3916/3383/3566/930/23075/6095/7157/4297/64332/27086/301/55183/3716",15
"GO:0006956","BP","GO:0006956","complement activation","8/445","67/18888",0.119402985074627,5.06805299345967,5.18141488319683,0.00017215770651547,0.00830712788668021,0.00707626032741456,"710/1380/3848/3507/3493/3494/3500/3502",8
"GO:0034612","BP","GO:0034612","response to tumor necrosis factor","17/445","263/18888",0.064638783269962,2.74358952450122,4.42302808640983,0.000178041580675197,0.00848876822147813,0.00723098700461545,"8754/1984/3304/3303/3576/6868/1116/820/6095/9590/7157/677/27086/3899/4317/4671/115650",17
"GO:0002824","BP","GO:0002824","positive regulation of adaptive immune response based on somatic recombination of immune receptors built from immunoglobulin superfamily domains","11/445","125/18888",0.088,3.73515505617978,4.76575301507012,0.000182789770122237,0.00861262387458304,0.00733649095933337,"5788/118460/64581/2208/5321/91543/913/51571/64332/567/55183",11
"GO:0002237","BP","GO:0002237","response to molecule of bacterial origin","21/445","369/18888",0.0569105691056911,2.41556590846807,4.26560095136611,0.000193525925781114,0.00896801759669718,0.00763922597566084,"114609/26228/8754/4057/3576/6622/1667/1668/728358/6868/1669/100133941/820/9590/6374/51571/64332/27086/2355/4317/567",21
"GO:0071216","BP","GO:0071216","cellular response to biotic stimulus","17/445","265/18888",0.0641509433962264,2.72288318846725,4.38732352793848,0.000194810869141737,0.00896801759669718,0.00763922597566084,"114609/26228/64581/8754/10432/4057/3576/1667/1668/728358/1669/820/7157/6374/51571/64332/4317",17
"GO:0061515","BP","GO:0061515","myeloid cell development","9/445","88/18888",0.102272727272727,4.34096016343207,4.87954605331725,0.000227298953750877,0.0103446853383212,0.00881191278835637,"4057/2039/6521/2038/212/25893/29766/80739/27086",9
"GO:0002385","BP","GO:0002385","mucosal immune response","6/445","38/18888",0.157894736842105,6.70183323477232,5.46507774648235,0.000240816444015061,0.0107307339411987,0.00914076055021355,"4057/1667/1668/728358/1669/820",6
"GO:0019079","BP","GO:0019079","viral genome replication","11/445","129/18888",0.0852713178294574,3.61933629474784,4.63689206492403,0.000241140088566263,0.0107307339411987,0.00914076055021355,"1654/7153/4057/3576/3434/5586/91543/54737/64710/89849/5094",11
"GO:0050829","BP","GO:0050829","defense response to Gram-negative bacterium","9/445","89/18888",0.101123595505618,4.29218533013508,4.83568070687668,0.000247696242490703,0.0108616144260596,0.00925224846701075,"4069/4057/1667/1668/728358/1669/3507/820/64332",9
"GO:0002520","BP","GO:0002520","immune system development","14/445","197/18888",0.0710659898477157,3.01639194661495,4.41913746310095,0.000249851362626931,0.0108616144260596,0.00925224846701075,"5788/118460/6868/1399/1178/23075/5591/2038/7157/4297/64332/83737/55183/171023",14
"GO:1903265","BP","GO:1903265","positive regulation of tumor necrosis factor-mediated signaling pathway","4/445","14/18888",0.285714285714286,12.1271268057785,6.46935215528529,0.000252217263826103,0.0108616144260596,0.00925224846701075,"3304/3303/6868/4317",4
"GO:0002821","BP","GO:0002821","positive regulation of adaptive immune response","11/445","131/18888",0.083969465648855,3.56407925207994,4.57436816549995,0.000275771196634523,0.0116259330791712,0.00990331798662037,"5788/118460/64581/2208/5321/91543/913/51571/64332/567/55183",11
"GO:0051028","BP","GO:0051028","mRNA transport","11/445","131/18888",0.083969465648855,3.56407925207994,4.57436816549995,0.000275771196634523,0.0116259330791712,0.00990331798662037,"54890/9444/10204/677/7919/3178/9818/283131/10189/91746/23049",11
"GO:0000381","BP","GO:0000381","regulation of alternative mRNA splicing, via spliceosome","7/445","55/18888",0.127272727272727,5.40208375893769,5.07838480623784,0.000293777570574211,0.0122560330223929,0.0104400559893752,"10659/58517/10658/10521/3178/9967/91746",7
"GO:0050730","BP","GO:0050730","regulation of peptidyl-tyrosine phosphorylation","15/445","225/18888",0.0666666666666667,2.82966292134831,4.28861766971139,0.000303688448947615,0.0125388890519093,0.0106810012266871,"5788/353514/374/55024/64092/2039/3690/6868/2043/3574/7157/56034/867/5008/79893",15
"GO:0050863","BP","GO:0050863","regulation of T cell activation","21/445","382/18888",0.0549738219895288,2.33336078592858,4.08948663750618,0.000308706464358088,0.0126160141811647,0.0107466987216387,"5788/5573/1845/3566/5074/3112/1178/3574/865/100133941/8943/6935/51571/29117/64332/57678/567/301/83737/115650/60",21
"GO:0000380","BP","GO:0000380","alternative mRNA splicing, via spliceosome","8/445","73/18888",0.10958904109589,4.65150069262737,4.85541570371052,0.000313794704967676,0.0126859272668901,0.0108062527819149,"10659/58517/11171/10658/10521/3178/9967/91746",8
"GO:0048024","BP","GO:0048024","regulation of mRNA splicing, via spliceosome","10/445","112/18888",0.0892857142857143,3.78972712680578,4.59954541143065,0.000316752241370538,0.0126859272668901,0.0108062527819149,"10659/9444/58517/10658/10521/7536/3178/9967/9584/91746",10
"GO:0051701","BP","GO:0051701","biological process involved in interaction with host","14/445","202/18888",0.0693069306930693,2.94172877961954,4.30974716460118,0.000322970828238448,0.0128069125454949,0.0109093116656676,"3916/4057/3304/3303/3383/3576/3434/3690/1380/2934/25893/6614/867/83737",14
"GO:0010763","BP","GO:0010763","positive regulation of fibroblast migration","4/445","15/18888",0.266666666666667,11.3186516853933,6.21003181052068,0.000337556252933717,0.0132540469901915,0.011290194177071,"2039/3690/9590/8874",4
"GO:0002697","BP","GO:0002697","regulation of immune effector process","21/445","385/18888",0.0545454545454545,2.31517875383044,4.04985792013919,0.000342567394013456,0.0133202176021737,0.0113465602861278,"5788/118460/26228/64581/710/3916/3383/3566/933/1380/1178/2208/2624/5272/91543/913/51571/64332/567/301/55183",21
"GO:0042752","BP","GO:0042752","regulation of circadian rhythm","10/445","114/18888",0.087719298245614,3.72324068598462,4.53007881876408,0.000365387840782344,0.0140397334010424,0.0119594653926746,"7153/4841/6095/5591/7157/5730/23435/9967/3184/5187",10
"GO:0042832","BP","GO:0042832","defense response to protozoan","5/445","27/18888",0.185185185185185,7.86017478152309,5.54090134586875,0.000373298631946698,0.0140397334010424,0.0119594653926746,"64581/3566/1667/728358/1130",5
"GO:0043367","BP","GO:0043367","CD4-positive, alpha-beta T cell differentiation","9/445","94/18888",0.0957446808510638,4.06387759980875,4.62563584257417,0.00037382554893432,0.0140397334010424,0.0119594653926746,"3566/865/6095/4297/91543/64332/27086/301/3716",9
"GO:0007623","BP","GO:0007623","circadian rhythm","14/445","205/18888",0.0682926829268293,2.89867909016169,4.2457156414908,0.000375094000976664,0.0140397334010424,0.0119594653926746,"7153/1958/4841/7150/6095/5591/7157/5730/4297/23435/9967/3184/10135/5187",14
"GO:0071887","BP","GO:0071887","leukocyte apoptotic process","10/445","116/18888",0.0862068965517241,3.65904688105386,4.4621629791566,0.000420091505781663,0.0155298888555544,0.0132288244380976,"6868/1399/1178/598/917/7157/6480/64332/27086/57678",10
"GO:0002251","BP","GO:0002251","organ or tissue specific immune response","6/445","42/18888",0.142857142857143,6.06356340288925,5.1028995179799,0.000422661144882754,0.0155298888555544,0.0132288244380976,"4057/1667/1668/728358/1669/820",6
"GO:0042982","BP","GO:0042982","amyloid precursor protein metabolic process","9/445","96/18888",0.09375,3.97921348314607,4.54565479929926,0.000437238386501913,0.0159194521630924,0.0135606661306478,"51107/5074/6868/2043/3459/23163/10313/25825/6653",9
"GO:0019882","BP","GO:0019882","antigen processing and presentation","10/445","117/18888",0.0854700854700855,3.62777297608758,4.4287664717747,0.000449897293802991,0.0162327807358647,0.0138275687929397,"6892/5870/3383/3112/2208/8943/811/913/220972/567",10
"GO:0048821","BP","GO:0048821","erythrocyte development","6/445","43/18888",0.13953488372093,5.92255030049647,5.01963376594152,0.000481555887154101,0.0170870381344292,0.0145552508295381,"2039/6521/2038/212/25893/29766",6
"GO:0001666","BP","GO:0001666","response to hypoxia","18/445","313/18888",0.0575079872204473,2.44092328678609,3.99295421249255,0.000482106194554432,0.0170870381344292,0.0145552508295381,"54890/378938/1958/1536/4929/1386/4194/6868/2043/100133941/4841/6095/7157/212/677/665/2355/867",18
"GO:0044409","BP","GO:0044409","symbiont entry into host","12/445","163/18888",0.0736196319018405,3.12478114013924,4.23197218290536,0.000496154442111954,0.0174306889531437,0.0148479828890567,"3916/3304/3303/3383/3576/3690/1380/2934/25893/6614/867/83737",12
"GO:0045785","BP","GO:0045785","positive regulation of cell adhesion","24/445","485/18888",0.0494845360824742,2.1003683539905,3.81338242419608,0.000548082630387962,0.0189906036443663,0.0161767649415576,"5788/8754/3566/3690/3112/2043/1399/3574/865/100133941/8943/10562/811/51571/29117/64332/57678/567/301/8874/59339/3716/115650/60",24
"GO:0035710","BP","GO:0035710","CD4-positive, alpha-beta T cell activation","10/445","120/18888",0.0833333333333333,3.53707865168539,4.33073160232251,0.000550039955741947,0.0189906036443663,0.0161767649415576,"3566/865/6095/4297/91543/64332/27086/301/83737/3716",10
"GO:0006611","BP","GO:0006611","protein export from nucleus","7/445","62/18888",0.112903225806452,4.79217107647698,4.64569240637539,0.000618204183122503,0.0205283001879515,0.0174866209104805,"10204/1959/5494/811/55437/6672/6815",7
"GO:1900024","BP","GO:1900024","regulation of substrate adhesion-dependent cell spreading","7/445","62/18888",0.112903225806452,4.79217107647698,4.64569240637539,0.000618204183122503,0.0205283001879515,0.0174866209104805,"2039/3690/1399/10562/811/6480/8874",7
"GO:0001909","BP","GO:0001909","leukocyte mediated cytotoxicity","11/445","144/18888",0.0763888888888889,3.24232209737828,4.19559749610682,0.00061903607610192,0.0205283001879515,0.0174866209104805,"5788/5551/26228/3916/3383/5272/1130/3500/913/51571/567",11
"GO:0001562","BP","GO:0001562","response to protozoan","5/445","30/18888",0.166666666666667,7.07415730337079,5.17183378549608,0.000621772139756367,0.0205283001879515,0.0174866209104805,"64581/3566/1667/728358/1130",5
"GO:0039694","BP","GO:0039694","viral RNA genome replication","5/445","30/18888",0.166666666666667,7.07415730337079,5.17183378549608,0.000621772139756367,0.0205283001879515,0.0174866209104805,"7153/3576/54737/89849/5094",5
"GO:0071356","BP","GO:0071356","cellular response to tumor necrosis factor","15/445","241/18888",0.0622406639004149,2.6418014825866,3.98446844616805,0.000625331491368309,0.0205283001879515,0.0174866209104805,"1984/3304/3303/3576/6868/1116/820/6095/9590/7157/677/27086/4317/4671/115650",15
"GO:0061844","BP","GO:0061844","antimicrobial humoral immune response mediated by antimicrobial peptide","8/445","82/18888",0.0975609756097561,4.14097012880241,4.42759847333568,0.000692296817753158,0.0225179463335516,0.0191814610860216,"4057/3576/1667/1668/728358/1669/820/6374",8
"GO:2001239","BP","GO:2001239","regulation of extrinsic apoptotic signaling pathway in absence of ligand","6/445","46/18888",0.130434782608696,5.53629702002931,4.78478702205848,0.00069718485527101,0.0225179463335516,0.0191814610860216,"3304/3303/2537/598/3574/55437",6
"GO:0020027","BP","GO:0020027","hemoglobin metabolic process","4/445","18/18888",0.222222222222222,9.43220973782771,5.55952151650589,0.000715471332467989,0.0229237014922744,0.0195270954823474,"2038/212/51327/51312",4
"GO:0036293","BP","GO:0036293","response to decreased oxygen levels","18/445","327/18888",0.055045871559633,2.33641892588393,3.78670541603214,0.000802426234785376,0.0255056910342494,0.0217265115032532,"54890/378938/1958/1536/4929/1386/4194/6868/2043/100133941/4841/6095/7157/212/677/665/2355/867",18
"GO:0050435","BP","GO:0050435","amyloid-beta metabolic process","7/445","65/18888",0.107692307692308,4.57099394987035,4.47968095167368,0.0008238312968807,0.0259798767244662,0.0221304370757592,"51107/2043/3459/23163/10313/25825/6653",7
"GO:0002705","BP","GO:0002705","positive regulation of leukocyte mediated immunity","11/445","150/18888",0.0733333333333333,3.11262921348315,4.03508795461667,0.000869455644275151,0.027204451994703,0.0231735669662481,"5788/118460/26228/64581/3916/2208/91543/913/51571/567/55183",11
"GO:0045069","BP","GO:0045069","regulation of viral genome replication","8/445","85/18888",0.0941176470588235,3.9948182419035,4.29845190853544,0.000879300415155694,0.0272992105635547,0.0232542851531587,"1654/7153/4057/3576/3434/5586/91543/54737",8
"GO:0002456","BP","GO:0002456","T cell mediated immunity","10/445","129/18888",0.0775193798449612,3.29030572249804,4.05442418837005,0.000966719234955748,0.0297823887384444,0.0253695306922395,"5788/5551/3383/1380/1178/91543/913/51571/64332/567",10
"GO:0097192","BP","GO:0097192","extrinsic apoptotic signaling pathway in absence of ligand","7/445","67/18888",0.104477611940299,4.43454636927721,4.37452749593317,0.000988504999782533,0.0302210879704507,0.0257432278368436,"3304/3303/2537/598/3574/835/55437",7
"GO:0007159","BP","GO:0007159","leukocyte cell-cell adhesion","21/445","419/18888",0.0501193317422434,2.12731222010673,3.62472654383358,0.00102002363601172,0.0306734518082876,0.026128564901941,"5788/5573/1845/3383/3566/4907/5074/3112/3574/865/100133941/8943/51571/29117/64332/57678/567/301/83737/115650/60",21
"GO:0033077","BP","GO:0033077","T cell differentiation in thymus","8/445","87/18888",0.0919540229885057,3.90298333979078,4.21560011363591,0.00102502940581812,0.0306734518082876,0.026128564901941,"5788/6868/917/5591/7157/677/6935/567",8
"GO:0050870","BP","GO:0050870","positive regulation of T cell activation","15/445","253/18888",0.0592885375494071,2.51649864546787,3.77210090112494,0.00102627778834221,0.0306734518082876,0.026128564901941,"5788/3566/3112/3574/865/100133941/8943/51571/29117/64332/57678/567/301/115650/60",15
"GO:0071456","BP","GO:0071456","cellular response to hypoxia","11/445","154/18888",0.0714285714285714,3.03178170144462,3.93249210754087,0.00107904628831583,0.0315723828240942,0.0268943012636544,"378938/1536/1386/4194/2043/4841/6095/7157/677/665/867",11
"GO:0042987","BP","GO:0042987","amyloid precursor protein catabolic process","7/445","68/18888",0.102941176470588,4.36933245208196,4.32348766505825,0.00108000410659198,0.0315723828240942,0.0268943012636544,"51107/6868/2043/3459/23163/10313/6653",7
"GO:0050854","BP","GO:0050854","regulation of antigen receptor-mediated signaling pathway","7/445","68/18888",0.102941176470588,4.36933245208196,4.32348766505825,0.00108000410659198,0.0315723828240942,0.0268943012636544,"5788/26228/1845/5074/933/930/27086",7
"GO:0097284","BP","GO:0097284","hepatocyte apoptotic process","4/445","20/18888",0.2,8.48898876404495,5.20500265734009,0.00109136218760282,0.0316732287054296,0.0269802048056502,"382/1386/598/2934",4
"GO:0032760","BP","GO:0032760","positive regulation of tumor necrosis factor production","9/445","109/18888",0.0825688073394495,3.50462838882589,4.07348413615039,0.00109996168720891,0.0316931406997964,0.0269971664388042,"5788/114609/64581/353514/1536/9590/3459/26137/4317",9
"GO:0002685","BP","GO:0002685","regulation of leukocyte migration","14/445","230/18888",0.0608695652173913,2.58360527601368,3.75339288287754,0.00116300347236685,0.0332702064773517,0.028340558300308,"114609/26228/928/3383/3576/3690/6868/1399/4345/23075/2358/811/301/79148",14
"GO:0038034","BP","GO:0038034","signal transduction in absence of ligand","7/445","69/18888",0.101449275362319,4.30600879335613,4.27342406312046,0.00117802241889979,0.0333483210910376,0.0284070986677319,"3304/3303/2537/598/3574/835/55437",7
"GO:1903706","BP","GO:1903706","regulation of hemopoiesis","21/445","424/18888",0.0495283018867925,2.10222599109604,3.56563096629142,0.00118238741446376,0.0333483210910376,0.0284070986677319,"5788/9444/4057/3304/3303/3566/3574/865/8943/2624/5591/677/6935/7994/51621/29117/64332/27086/567/301/60",21
"GO:0002699","BP","GO:0002699","positive regulation of immune effector process","15/445","257/18888",0.0583657587548638,2.47733135137498,3.70400961722924,0.0012008549996795,0.0336323375784362,0.0286490324178229,"5788/118460/26228/64581/3916/3566/2208/2624/91543/913/51571/64332/567/301/55183",15
"GO:0002244","BP","GO:0002244","hematopoietic progenitor cell differentiation","10/445","133/18888",0.075187969924812,3.19134915941539,3.93935010846636,0.00122093222045454,0.0337229899511755,0.0287262528239069,"5788/7153/1386/2624/5591/7157/23215/23376/5008/83737",10
"GO:0045621","BP","GO:0045621","positive regulation of lymphocyte differentiation","10/445","133/18888",0.075187969924812,3.19134915941539,3.93935010846636,0.00122093222045454,0.0337229899511755,0.0287262528239069,"5788/3566/3574/865/8943/5591/29117/64332/301/60",10
"GO:2001236","BP","GO:2001236","regulation of extrinsic apoptotic signaling pathway","11/445","157/18888",0.0700636942675159,2.97384956702211,3.85770583122096,0.00126220399924689,0.0346241576505741,0.0294938944596913,"5788/1654/3304/3303/3383/2537/598/3574/50486/55437/6672",11
"GO:0002396","BP","GO:0002396","MHC protein complex assembly","4/445","21/18888",0.19047619047619,8.08475120385233,5.04578264698638,0.00132327878612275,0.0358089968812272,0.030503176001592,"6892/3112/811/567",4
"GO:0002501","BP","GO:0002501","peptide antigen assembly with MHC protein complex","4/445","21/18888",0.19047619047619,8.08475120385233,5.04578264698638,0.00132327878612275,0.0358089968812272,0.030503176001592,"6892/3112/811/567",4
"GO:0002444","BP","GO:0002444","myeloid leukocyte mediated immunity","9/445","112/18888",0.0803571428571429,3.4107544141252,3.9747164864371,0.00133280463275768,0.0358247151288223,0.0305165652756457,"26228/3566/6868/306/2624/5272/5730/3500/867",9
"GO:0010332","BP","GO:0010332","response to gamma radiation","6/445","52/18888",0.115384615384615,4.89749351771824,4.37158014702252,0.00134580505496162,0.0359329949674753,0.0306088012851271,"5788/1958/598/5591/7157/867",6
"GO:1903557","BP","GO:1903557","positive regulation of tumor necrosis factor superfamily cytokine production","9/445","113/18888",0.079646017699115,3.38057074674356,3.94253950706148,0.00141869046477439,0.0376281808703407,0.0320528114069976,"5788/114609/64581/353514/1536/9590/3459/26137/4317",9
"GO:0045815","BP","GO:0045815","transcription initiation-coupled chromatin remodeling","5/445","36/18888",0.138888888888889,5.89513108614232,4.56649065864135,0.00146493610426788,0.0383468568470122,0.0326650011278446,"10432/1386/7157/4297/29117",5
"GO:0060218","BP","GO:0060218","hematopoietic stem cell differentiation","5/445","36/18888",0.138888888888889,5.89513108614232,4.56649065864135,0.00146493610426788,0.0383468568470122,0.0326650011278446,"5591/7157/23376/5008/83737",5
"GO:0032722","BP","GO:0032722","positive regulation of chemokine production","7/445","72/18888",0.0972222222222222,4.12659176029963,4.12875856439237,0.00151440025768041,0.0393842404675976,0.0335486755648817,"114609/64581/1654/1958/3566/6868/3574",7
"GO:0036294","BP","GO:0036294","cellular response to decreased oxygen levels","11/445","161/18888",0.0683229813664596,2.89996510572964,3.76071281653583,0.00154544515270466,0.0394236167935169,0.0335822174985973,"378938/1536/1386/4194/2043/4841/6095/7157/677/665/867",11
"GO:0050657","BP","GO:0050657","nucleic acid transport","11/445","161/18888",0.0683229813664596,2.89996510572964,3.76071281653583,0.00154544515270466,0.0394236167935169,0.0335822174985973,"54890/9444/10204/677/7919/3178/9818/283131/10189/91746/23049",11
"GO:0050658","BP","GO:0050658","RNA transport","11/445","161/18888",0.0683229813664596,2.89996510572964,3.76071281653583,0.00154544515270466,0.0394236167935169,0.0335822174985973,"54890/9444/10204/677/7919/3178/9818/283131/10189/91746/23049",11
"GO:0002706","BP","GO:0002706","regulation of lymphocyte mediated immunity","12/445","186/18888",0.0645161290322581,2.73838347227256,3.70086925531712,0.00157238725696996,0.039857031418764,0.0339514130568931,"5788/118460/3916/1380/1178/2208/5272/91543/913/51571/567/55183",12
"GO:0071219","BP","GO:0071219","cellular response to molecule of bacterial origin","14/445","238/18888",0.0588235294117647,2.49676140118969,3.60950250818431,0.00160698570718537,0.0402138708979016,0.0342553796123528,"114609/26228/8754/4057/3576/1667/1668/728358/1669/820/6374/51571/64332/4317",14
"GO:0072593","BP","GO:0072593","reactive oxygen species metabolic process","14/445","238/18888",0.0588235294117647,2.49676140118969,3.60950250818431,0.00160698570718537,0.0402138708979016,0.0342553796123528,"64581/1536/3039/3040/2537/3048/6622/3047/3045/3043/2358/7157/4719/3042",14
"GO:0032496","BP","GO:0032496","response to lipopolysaccharide","18/445","348/18888",0.0517241379310345,2.19542812863231,3.49626176050326,0.00161658756917907,0.0402138708979016,0.0342553796123528,"114609/26228/8754/4057/3576/6622/1667/1668/728358/6868/1669/820/9590/6374/64332/27086/2355/4317",18
"GO:0030520","BP","GO:0030520","intracellular estrogen receptor signaling pathway","6/445","54/18888",0.111111111111111,4.71610486891386,4.24775315106597,0.00164123851154372,0.0405750632020531,0.0345630540345237,"6294/1667/1668/728358/10521/23376",6
"GO:0022407","BP","GO:0022407","regulation of cell-cell adhesion","23/445","496/18888",0.0463709677419355,1.9682131206959,3.39424381500997,0.00167499757556818,0.041081586719949,0.0349945259371456,"5788/5573/928/1845/3566/5074/3112/3574/865/100133941/8943/23075/3557/51571/29117/64332/57678/567/301/83737/3716/115650/60",23
"GO:0071383","BP","GO:0071383","cellular response to steroid hormone stimulus","13/445","213/18888",0.0610328638497653,2.59053647729071,3.62617569496289,0.00168224225270203,0.041081586719949,0.0349945259371456,"6294/3304/3303/1667/1668/728358/10521/677/23376/811/27086/301/5187",13
"GO:0042093","BP","GO:0042093","T-helper cell differentiation","7/445","74/18888",0.0945945945945946,4.0150622532645,4.03661459539029,0.0017772476960281,0.0428787772445333,0.036525426650774,"3566/6095/4297/64332/27086/301/3716",7
"GO:0072678","BP","GO:0072678","T cell migration","7/445","74/18888",0.0945945945945946,4.0150622532645,4.03661459539029,0.0017772476960281,0.0428787772445333,0.036525426650774,"3383/3690/1667/728358/6868/1399/4345",7
"GO:0051236","BP","GO:0051236","establishment of RNA localization","11/445","164/18888",0.0670731707317073,2.84691696355166,3.68990929528807,0.00179036797444077,0.0429366690876363,0.0365747406565555,"54890/9444/10204/677/7919/3178/9818/283131/10189/91746/23049",11
"GO:0032944","BP","GO:0032944","regulation of mononuclear cell proliferation","14/445","241/18888",0.0580912863070539,2.46568138374749,3.55704467782376,0.00180631074128311,0.0430611578502313,0.0366807839128983,"5788/114609/5573/5074/933/1178/598/3574/100133941/6480/57678/301/83737/115650",14
"GO:0045088","BP","GO:0045088","regulation of innate immune response","21/445","440/18888",0.0477272727272727,2.02578140960163,3.38183356165235,0.00185927478111896,0.0431846810754135,0.0367860046955556,"114609/64581/10432/7534/710/1654/3916/4057/3304/3303/6773/4841/5272/5591/2358/91543/64332/57724/83737/5094/4671",21
"GO:0001865","BP","GO:0001865","NK T cell differentiation","3/445","11/18888",0.272727272727273,11.5758937691522,5.44995162038916,0.00186150569535806,0.0431846810754135,0.0367860046955556,"1386/8943/2355",3
"GO:0034085","BP","GO:0034085","establishment of sister chromatid cohesion","3/445","11/18888",0.272727272727273,11.5758937691522,5.44995162038916,0.00186150569535806,0.0431846810754135,0.0367860046955556,"9126/10734/25836",3
"GO:0051095","BP","GO:0051095","regulation of helicase activity","3/445","11/18888",0.272727272727273,11.5758937691522,5.44995162038916,0.00186150569535806,0.0431846810754135,0.0367860046955556,"6742/3434/7157",3
"GO:0045859","BP","GO:0045859","regulation of protein kinase activity","22/445","470/18888",0.0468085106382979,1.98678460435094,3.36508293536946,0.0018654056993874,0.0431846810754135,0.0367860046955556,"5788/8754/353514/5573/1654/1845/4057/11142/6622/3690/6868/2043/10114/7273/100133941/1116/56034/55437/867/8797/6546/60",22
"GO:0141137","BP","GO:0141137","positive regulation of gene expression, epigenetic","5/445","38/18888",0.131578947368421,5.58486102897694,4.39448523807564,0.00187676651567805,0.0431979879039688,0.0367973398506506,"10432/1386/7157/4297/29117",5
"GO:1903037","BP","GO:1903037","regulation of leukocyte cell-cell adhesion","19/445","382/18888",0.049738219895288,2.11113594917348,3.40791154543604,0.00189986578570893,0.0434797855529387,0.0370373835277152,"5788/5573/1845/3566/5074/3112/3574/865/100133941/8943/51571/29117/64332/57678/567/301/83737/115650/60",19
"GO:0000245","BP","GO:0000245","spliceosomal complex assembly","8/445","96/18888",0.0833333333333333,3.53707865168539,3.87104979702724,0.00193696315254708,0.0438278950618703,0.0373339136330959,"10659/51639/10658/51747/9169/7536/7919/91746",8
"GO:0001910","BP","GO:0001910","regulation of leukocyte mediated cytotoxicity","8/445","96/18888",0.0833333333333333,3.53707865168539,3.87104979702724,0.00193696315254708,0.0438278950618703,0.0373339136330959,"5788/26228/3916/3383/5272/913/51571/567",8
"GO:0070482","BP","GO:0070482","response to oxygen levels","18/445","354/18888",0.0508474576271186,2.15821748238431,3.41706216805933,0.00194942946486777,0.0438621629595249,0.0373631040546213,"54890/378938/1958/1536/4929/1386/4194/6868/2043/100133941/4841/6095/7157/212/677/665/2355/867",18
"GO:0034205","BP","GO:0034205","amyloid-beta formation","6/445","56/18888",0.107142857142857,4.54767255216693,4.12985716270918,0.00198349779873256,0.0441328260217995,0.0375936629572645,"51107/2043/3459/23163/10313/6653",6
"GO:0050832","BP","GO:0050832","defense response to fungus","6/445","56/18888",0.107142857142857,4.54767255216693,4.12985716270918,0.00198349779873256,0.0441328260217995,0.0375936629572645,"64581/4057/1667/1668/728358/1669",6
"GO:0045582","BP","GO:0045582","positive regulation of T cell differentiation","9/445","119/18888",0.0756302521008403,3.2101218015296,3.75677196848195,0.00203211254259012,0.0449647001827261,0.0383022782816782,"5788/3566/3574/865/8943/29117/64332/301/60",9
"GO:0002294","BP","GO:0002294","CD4-positive, alpha-beta T cell differentiation involved in immune response","7/445","76/18888",0.0921052631578947,3.90940272028386,3.94765202868307,0.00207419578998188,0.0456437040597661,0.0388806741199033,"3566/6095/4297/64332/27086/301/3716",7
"GO:1903900","BP","GO:1903900","regulation of viral life cycle","10/445","143/18888",0.0699300699300699,2.9681778895262,3.66974052230978,0.0021009135854763,0.0459790104362437,0.0391662981336135,"1654/7153/4057/3576/3434/5586/91543/2934/25893/54737",10
"GO:0046902","BP","GO:0046902","regulation of mitochondrial membrane permeability","6/445","57/18888",0.105263157894737,4.46788882318155,4.07297378359312,0.00217360330348214,0.0473113110350325,0.0403011916852724,"3303/1386/598/7157/665/6687",6
"GO:0048534","BP","GO:0048534","hematopoietic or lymphoid organ development","8/445","98/18888",0.0816326530612245,3.46489337307957,3.80008663221227,0.00220724768883168,0.0476414168023322,0.0405823856643298,"5788/6868/1399/2038/7157/4297/64332/171023",8
"GO:0050855","BP","GO:0050855","regulation of B cell receptor signaling pathway","4/445","24/18888",0.166666666666667,7.07415730337079,4.62509304678241,0.00222194473531223,0.0476414168023322,0.0405823856643298,"26228/933/930/27086",4
"GO:0002287","BP","GO:0002287","alpha-beta T cell activation involved in immune response","7/445","77/18888",0.0909090909090909,3.85863125638407,3.90430081482867,0.00223635115077115,0.0476414168023322,0.0405823856643298,"3566/6095/4297/64332/27086/301/3716",7
"GO:0002293","BP","GO:0002293","alpha-beta T cell differentiation involved in immune response","7/445","77/18888",0.0909090909090909,3.85863125638407,3.90430081482867,0.00223635115077115,0.0476414168023322,0.0405823856643298,"3566/6095/4297/64332/27086/301/3716",7
"GO:0045444","BP","GO:0045444","fat cell differentiation","14/445","248/18888",0.0564516129032258,2.39608553823849,3.43764184563188,0.0023523067499395,0.0498465001772894,0.0424607417240541,"51320/115825/4929/1959/1386/2624/6095/677/6272/79689/79718/2355/25836/171023",14
"GO:0072562","CC","GO:0072562","blood microparticle","21/475","144/19894",0.145833333333333,6.10780701754386,9.62089980450271,3.31950285147557e-11,1.10891112411822e-08,9.33342480960555e-09,"7534/710/3304/3303/3039/3040/3048/6521/3848/3045/3043/3507/3495/2934/3493/3494/3500/3502/28442/28793/60",21
"GO:0005833","CC","GO:0005833","hemoglobin complex","8/475","12/19894",0.666666666666667,27.9214035087719,14.5895467847965,4.53542382052444e-11,1.10891112411822e-08,9.33342480960555e-09,"3039/3040/3048/3047/3045/3043/51327/3042",8
"GO:0031838","CC","GO:0031838","haptoglobin-hemoglobin complex","7/475","11/19894",0.636363636363636,26.6522488038278,13.3095798196451,1.28634059839225e-09,2.09673517537937e-07,1.76476903147849e-07,"3039/3040/3048/3047/3045/3043/3042",7
"GO:0042581","CC","GO:0042581","specific granule","18/475","160/19894",0.1125,4.71173684210526,7.37247183866328,5.56639440934287e-08,6.80491716542167e-06,5.72752687908701e-06,"932/4069/4057/1536/6947/1088/1669/306/1116/1522/820/2358/2204/10562/81619/80184/4317/567",18
"GO:0035580","CC","GO:0035580","specific granule lumen","11/475","62/19894",0.17741935483871,7.4306960950764,7.9314773636654,2.17149579959276e-07,2.12372289200172e-05,1.78748391082267e-05,"4069/4057/6947/1669/1116/1522/820/10562/80184/4317/567",11
"GO:0016607","CC","GO:0016607","nuclear speck","28/475","416/19894",0.0673076923076923,2.81898785425101,5.86391679084776,9.4045019029195e-07,7.66466905087939e-05,6.45115832287987e-05,"54890/10432/58517/57223/3304/3303/4929/23524/4841/10521/51747/9360/25957/7919/9410/7994/55893/23435/665/9967/64332/93663/10189/9584/91746/57634/26959/10135",28
"GO:0005769","CC","GO:0005769","early endosome","28/475","428/19894",0.0654205607476635,2.73995081160846,5.69120214075064,1.6433633835429e-06,0.000114800670650354,9.66248245060563e-05,"157680/388/51107/115825/7803/4057/66008/382/933/2043/8943/23163/23325/6272/913/26047/6614/79689/220972/124460/10807/6653/567/301/83737/219285/23392/100287171",28
"GO:0034774","CC","GO:0034774","secretory granule lumen","23/475","322/19894",0.0714285714285714,2.99157894736842,5.6349669650344,3.31209404937311e-06,0.000180922632054329,0.000152278009112566,"5552/4069/710/1654/4057/2799/2153/1667/1668/728358/6947/1669/1116/2760/1522/820/10562/2934/51571/80184/1778/4317/567",23
"GO:0005925","CC","GO:0005925","focal adhesion","27/475","421/19894",0.0641330166270784,2.68602575321915,5.46855186259062,3.65750406005912e-06,0.000180922632054329,0.000152278009112566,"5788/388/8754/7534/928/4659/3304/3303/3383/382/3690/6868/7106/9590/2934/6168/811/3845/867/567/301/7171/8874/5094/3716/4026/60",27
"GO:0060205","CC","GO:0060205","cytoplasmic vesicle lumen","23/475","325/19894",0.0707692307692308,2.96396437246964,5.58308814236896,3.86688005737484e-06,0.000180922632054329,0.000152278009112566,"5552/4069/710/1654/4057/2799/2153/1667/1668/728358/6947/1669/1116/2760/1522/820/10562/2934/51571/80184/1778/4317/567",23
"GO:0031983","CC","GO:0031983","vesicle lumen","23/475","326/19894",0.0705521472392638,2.95487245721666,5.56592721989937,4.06983425889084e-06,0.000180922632054329,0.000152278009112566,"5552/4069/710/1654/4057/2799/2153/1667/1668/728358/6947/1669/1116/2760/1522/820/10562/2934/51571/80184/1778/4317/567",23
"GO:0042571","CC","GO:0042571","immunoglobulin complex, circulating","5/475","12/19894",0.416666666666667,17.4508771929825,8.91524256451768,5.23917422999392e-06,0.000197072123061405,0.000165870627740844,"3507/3493/3494/3500/3502",5
"GO:0009897","CC","GO:0009897","external side of plasma membrane","26/475","405/19894",0.0641975308641975,2.68872774528915,5.37001981018543,5.43763491243375e-06,0.000197072123061405,0.000165870627740844,"4238/5788/8754/973/79368/928/3916/3383/3566/4907/933/3690/974/930/2208/917/1232/100133941/969/931/811/913/83416/567/84824/115650",26
"GO:0030055","CC","GO:0030055","cell-substrate junction","27/475","431/19894",0.0626450116009281,2.62370497008182,5.32996526849392,5.64214667251466e-06,0.000197072123061405,0.000165870627740844,"5788/388/8754/7534/928/4659/3304/3303/3383/382/3690/6868/7106/9590/2934/6168/811/3845/867/567/301/7171/8874/5094/3716/4026/60",27
"GO:0031092","CC","GO:0031092","platelet alpha granule membrane","5/475","17/19894",0.294117647058824,12.31826625387,7.30150628311333,3.70776083865578e-05,0.00120873003340178,0.00101735753537853,"928/6622/3690/334/9749",5
"GO:0070820","CC","GO:0070820","tertiary granule","14/475","164/19894",0.0853658536585366,3.57530166880616,5.17928734189094,4.08149653853632e-05,0.00124740737959016,0.00104991128063665,"4069/3916/4057/1536/6947/1088/3043/820/2358/2204/10562/81619/4317/567",14
"GO:1904724","CC","GO:1904724","tertiary granule lumen","8/475","55/19894",0.145454545454545,6.09194258373206,5.91409735290523,4.52801892769621e-05,0.00130247132684909,0.00109625721407382,"4069/4057/6947/3043/820/10562/4317/567",8
"GO:0005938","CC","GO:0005938","cell cortex","20/475","309/19894",0.0647249190938511,2.71081587463805,4.74028265235888,5.84389865361245e-05,0.00158759246756471,0.00133623647576752,"6249/4735/989/830/382/6622/2039/6521/1522/9590/2038/57553/2934/1778/83737/7171/8874/100287171/143098/60",20
"GO:0071682","CC","GO:0071682","endocytic vesicle lumen","5/475","23/19894",0.217391304347826,9.10480549199085,6.0824726981167,0.000179111295891087,0.00460975914161798,0.00387991782234987,"4057/3039/3040/3043/811",5
"GO:0044194","CC","GO:0044194","cytolytic granule","4/475","14/19894",0.285714285714286,11.9663157894737,6.41948355835205,0.000265570743976925,0.00649320469023582,0.00546516636289356,"5551/5552/3916/811",4
"GO:0031091","CC","GO:0031091","platelet alpha granule","9/475","91/19894",0.0989010989010989,4.14218623481781,4.69862342390096,0.000323948431071987,0.00754337060924769,0.00634906448867904,"5552/710/928/6622/3690/2153/334/51571/9749",9
"GO:0033116","CC","GO:0033116","endoplasmic reticulum-Golgi intermediate compartment membrane","8/475","81/19894",0.0987654320987654,4.13650422352177,4.42381321480352,0.000696947333582331,0.01549123846008,0.0130385840875929,"157680/6892/374/2589/2153/1522/811/2801",8
"GO:0030139","CC","GO:0030139","endocytic vesicle","19/475","350/19894",0.0542857142857143,2.2736,3.75961921741713,0.000809329630475455,0.0172070517088042,0.0144827407558766,"114609/51735/6892/374/928/3916/4057/382/1536/3039/3040/917/3043/306/2934/811/567/85439/23392",19
"GO:0031901","CC","GO:0031901","early endosome membrane","13/475","195/19894",0.0666666666666667,2.79214035087719,3.93324273471235,0.000854420145199576,0.0174088104584414,0.0146525559988173,"157680/382/2043/23163/23325/79689/220972/124460/6653/567/301/83737/100287171",13
"GO:0005793","CC","GO:0005793","endoplasmic reticulum-Golgi intermediate compartment","10/475","133/19894",0.075187969924812,3.14903047091413,3.88908513263847,0.00135205320608397,0.0250131005709959,0.0210528948945418,"157680/6892/374/2589/2153/1522/811/22820/23392/2801",10
"GO:0035097","CC","GO:0035097","histone methyltransferase complex","7/475","70/19894",0.1,4.18821052631579,4.17911076550314,0.00138701973357864,0.0250131005709959,0.0210528948945418,"58508/54881/5928/4297/23468/259282/284058",7
"GO:0008278","CC","GO:0008278","cohesin complex","3/475","10/19894",0.3,12.5646315789474,5.72088792472739,0.00143224297748034,0.0250131005709959,0.0210528948945418,"9126/10734/151246",3
"GO:0071753","CC","GO:0071753","IgM immunoglobulin complex","3/475","10/19894",0.3,12.5646315789474,5.72088792472739,0.00143224297748034,0.0250131005709959,0.0210528948945418,"973/974/3507",3
"GO:0019814","CC","GO:0019814","immunoglobulin complex","11/475","165/19894",0.0666666666666667,2.79214035087719,3.61530522845178,0.0020902588920586,0.0352460895936777,0.0296657432593434,"973/974/3507/3495/3493/3494/3500/3502/28396/28442/28793",11
"GO:0017053","CC","GO:0017053","transcription repressor complex","7/475","77/19894",0.0909090909090909,3.80746411483254,3.86032737836014,0.00241314313083584,0.0393342330326242,0.0331066303212917,"6907/23013/6497/4194/7157/79718/23468",7
"GO:0071735","CC","GO:0071735","IgG immunoglobulin complex","3/475","13/19894",0.230769230769231,9.6651012145749,4.88775826437891,0.00323615426620863,0.0496559639257172,0.0417941704767095,"3493/3500/3502",3
"GO:0000793","CC","GO:0000793","condensed chromosome","15/475","281/19894",0.0533807829181495,2.23569956920772,3.26270310550175,0.00324947003194877,0.0496559639257172,0.0417941704767095,"6249/4735/989/7153/4659/7273/546/9126/10734/29117/23468/151246/55183/284058/60",15
"GO:0031720","MF","GO:0031720","haptoglobin binding","7/458","10/18522",0.7,28.3087336244541,13.7541223419581,6.07921924833954e-10,4.19466128135429e-07,3.89709949709346e-07,"3039/3040/3048/3047/3045/3043/3042",7
"GO:0005344","MF","GO:0005344","oxygen carrier activity","7/458","14/18522",0.5,20.2205240174672,11.4553269453628,1.5952870624008e-08,5.50374036528275e-06,5.1133148473794e-06,"3039/3040/3048/3047/3045/3043/3042",7
"GO:0034987","MF","GO:0034987","immunoglobulin receptor binding","6/458","16/18522",0.375,15.1653930131004,9.02589617133588,1.43546622296687e-06,0.000330157231282379,0.000306736466591867,"1380/3507/3493/3494/3500/3502",6
"GO:0019825","MF","GO:0019825","oxygen binding","7/458","34/18522",0.205882352941176,8.32609812483945,6.80808886849876,1.6288461234612e-05,0.00280975956297057,0.00261044023470492,"3039/3040/3048/3047/3045/3043/3042",7
"GO:0003823","MF","GO:0003823","antigen binding","15/458","177/18522",0.0847457627118644,3.42720746058767,5.16645517896546,3.52999481502808e-05,0.00487139284473874,0.00452582493126757,"6892/3112/7106/3507/3495/3493/3494/3500/3502/28396/28442/28793/913/57634/567",15
"GO:0045296","MF","GO:0045296","cadherin binding","21/458","333/18522",0.0630630630630631,2.55033636256344,4.54570900965902,9.0573681353181e-05,0.00951061140017284,0.00883594560290658,"4735/989/7534/1654/3303/1968/1399/27044/23075/5586/10562/29766/55082/93663/867/9685/301/50807/143098/1983/2801",21
"GO:0016684","MF","GO:0016684","oxidoreductase activity, acting on peroxide as acceptor","8/458","59/18522",0.135593220338983,5.48353193694027,5.49228583596345,9.64844634800144e-05,0.00951061140017284,0.00883594560290658,"3039/3040/3048/3047/3045/3043/143686/3042",8
"GO:0046906","MF","GO:0046906","tetrapyrrole binding","12/458","152/18522",0.0789473684210526,3.19271431854746,4.32222390509645,0.000405054766945315,0.033861428114909,0.0314593588435997,"1536/3039/3040/3048/3047/6947/3045/3043/1595/79689/3042/54205",12
"GO:0035591","MF","GO:0035591","signaling adaptor activity","10/458","112/18522",0.0892857142857143,3.61080786026201,4.41280789202244,0.000462687567520406,0.033861428114909,0.0314593588435997,"114609/26228/55024/79368/1654/382/1399/917/29760/143098",10
"GO:0004601","MF","GO:0004601","peroxidase activity","7/458","57/18522",0.12280701754386,4.96644449551827,4.77553624715023,0.000490745334998681,0.033861428114909,0.0314593588435997,"3039/3040/3048/3047/3045/3043/3042",7
"GO:0140104","MF","GO:0140104","molecular carrier activity","9/458","95/18522",0.0947368421052632,3.83125718225695,4.40526256275742,0.000572733997845253,0.0359260416830204,0.0333775124103119,"10204/3039/3040/3048/3047/3045/3043/811/3042",9
"GO:0020037","MF","GO:0020037","heme binding","11/458","142/18522",0.0774647887323944,3.13275724214281,4.06228918506955,0.000818152671917291,0.0470437786352443,0.0437065769471606,"1536/3039/3040/3048/3047/3045/3043/1595/79689/3042/54205",11
